"name","par_median"
"Vaughn College Of Aeronautics And Technology",30900
"CUNY Bernard M. Baruch College",42800
"City College Of New York - CUNY",35500
"CUNY Lehman College",32500
"California State University, Los Angeles",36600
"CUNY John Jay College Of Criminal Justice",41800
"MCPHS University",83300
"Pace University",68600
"State University Of New York At Stony Brook",73600
"New York City College Of Technology Of The City University Of New",33500
"ITI Technical College",56000
"Texas A&M International University",35400
"CUNY Brooklyn College",52200
"Technical Career Institutes",29700
"University Of Texas - Pan American",31700
"CUNY Hunter College",49800
"Crimson Technical College",44700
"Wood Tobe - Coburn School",29500
"United Talmudical Seminary",21200
"CUNY Queens College",63300
"Glendale Community College",40100
"South Texas College",23900
"California State Polytechnic University, Pomona",80200
"University Of Texas At El Paso",42400
"CUNY York College",36500
"Saint John's University of Queens, NY",69200
"University Of California, Irvine",92100
"Trocaire College",65400
"Western Technical College of El Paso, TX",30500
"Laredo Community College",27400
"University Of Texas At Brownsville",26400
"Saint Francis College",70500
"CUNY, Hostos Community College",26700
"New Jersey Institute Of Technology",84000
"Mount St. Mary's College",48500
"Woodbury University",61900
"California State University, Northridge",61100
"CUNY Borough Of Manhattan Community College",33500
"Texas State Technical College Harlingen",29100
"CUNY Laguardia Community College",33800
"Bloomfield College",40800
"University Of California, Riverside",75000
"CUNY Bronx Community College",29700
"College Of Mount Saint Vincent And Manhattan College",94800
"Berkeley College of New York, NY",42500
"Tulsa Welding School",43900
"Southwest Texas Junior College",28100
"California State University, Dominguez Hills",45600
"University Of California, Los Angeles",105500
"Hallmark College Of Technology",42400
"Queensborough Community College-CUNY",42200
"Long Island University System",59000
"Albertus Magnus College",68600
"Saint Peter's University",59700
"San Jose State University",91700
"New York Institute Of Technology",78500
"New Jersey City University",51600
"Texas A&M University - Kingsville",47700
"Xavier University Of Louisiana",63100
"Sul Ross State University",45000
"Tuskegee University",54400
"Florida International University",66700
"Saint Mary's University",76700
"Binghamton University",104400
"CUNY Medgar Evers College",35100
"SUNY College At Old Westbury",48400
"California Maritime Academy",113100
"Dillard University",42600
"Utica College",67500
"Kingsborough Commmunity College/CUNY",40700
"Dowling College",71500
"University Of Houston System",65700
"University Of California, Berkeley",114700
"Midland College",58600
"University Of California, San Diego",111300
"Imperial Valley College",34300
"Pasadena City College",44600
"California State University, Fullerton",83300
"El Paso Community College",29200
"Reid State Technical College",34600
"Lamar Institute Of Technology",52600
"Odessa College",50900
"Robert Morgan And Miami Lakes Educational Centers",32200
"Grambling State University",34300
"Miami Dade Community College System",37000
"California State University, Bakersfield",67700
"Art Center College Of Design",84800
"Saint Thomas University",37500
"Texas State Technical College West Texas",41000
"Triangle Tech",55800
"University Of California, Davis",109400
"California State University, Long Beach",85800
"California State University, San Bernardino",69800
"Santa Monica College",51300
"California State University, East Bay",86000
"New Mexico Junior College",50000
"Southern University And Agricultural & Mechanical Colg At Baton R",38600
"Stevens Institute Of Technology",96000
"Cooper Union For The Advancement Of Science & Art",110100
"Union College of Barbourville, KY",56400
"Devry University, Devry Institute Of Technology And Denver Technical College",56300
"Otis College Of Art & Design",80500
"University Of The Pacific",96500
"Alabama Agricultural & Mechanical University",44500
"Thomas A Edison State College",79300
"Coyne College",44200
"New Castle School Of Trades",50400
"California State University, Fresno",72400
"Spartan College Of Aeronautics And Technology",62100
"College Of Staten Island/CUNY",73500
"Dickinson State University",57800
"Fortis College of Houston, TX",27900
"Los Angeles Community College District",41400
"Savannah State University",45400
"Berkeley College of Woodland Park, NJ",51200
"Howard University",76900
"New Mexico Institute Of Mining & Technology",91800
"Hudson County Community College",32600
"Fordham University",113300
"D'Youville College",75800
"Mississippi Valley State University",28800
"University Of Southern California",120100
"Coffeyville Community College",40700
"Brazosport College",74000
"Houston Community College",49200
"Bennett College",50000
"Copper Mountain College",50100
"Elizabeth City State University",37400
"Poster & Chester Institute",62500
"Park University",65300
"College Of Westchester",55800
"California State University, Stanislaus",72300
"University Of Maryland University College",53900
"Letourneau University",85700
"Monroe College",28200
"Adventist University Of Health Sciences",62900
"University Of The District Of Columbia",40000
"Florida Institute Of Technology",86300
"Rutgers, The State University Of New Jersey",101000
"Central Texas College District",51800
"Nyack College",58400
"Fresno Pacific University",71100
"Plaza College",29100
"State University Of New York At New Paltz",91900
"Del Mar College",52900
"San Diego State University",100500
"University Of Louisiana At Monroe",59700
"Dominican College Of Blauvelt",88900
"Chicago State University",43700
"Fashion Institute Of Technology",79800
"Boricua College",28900
"Saint Leo University",57300
"ITT Technical Institute",52600
"Illinois Institute Of Technology",91600
"University Of La Verne",72300
"Martin Methodist College",62000
"New York University",130500
"State University Of New York At Albany",98000
"San Francisco Community College District",53400
"Montana State University - Northern",56100
"SUNY Empire State College",76000
"Our Lady Of The Lake University",46000
"Rocky Mountain College",72600
"Claflin University",35400
"Southern University At New Orleans",32100
"Barry University",69500
"Platt College of Alhambra, CA",48500
"Southern Careers Institute",28900
"Mercy College",50700
"Oregon Institute Of Technology",76400
"Kiamichi Technology Center",29800
"San Francisco State University",87200
"Barstow Community College",58000
"Manhattanville College",95400
"Embry-Riddle Aeronautical University",92400
"State University Of New York At Buffalo",95300
"Franklin University",65800
"Maine Maritime Academy",85300
"Rio Hondo Community College",46500
"Barnard College",148000
"Prairie View Agricultural & Mechanical University",45500
"Capital Area Technical College",44300
"Clarke University",75700
"Norfolk State University",48000
"Marymount University",91800
"Virginia State University",52200
"Chaminade University Of Honolulu",66600
"Kean University",79200
"Clarendon College",50800
"Texas Southern University",36300
"McPherson College",70000
"Massachusetts Institute Of Technology",141000
"California State University, Monterey Bay",93200
"Taft College",62300
"Coast Community College District",72800
"Albany College Of Pharmacy And Health Sciences",95800
"Lincoln University of Lincoln University, PA",47500
"University Of The Sciences In Philadelphia",95300
"Howard County Junior College District",53100
"Montana Tech Of The University Of Montana",68300
"Occidental College",122400
"California State University - Sacramento",88700
"Fairleigh Dickinson University",87000
"College Of The Ozarks",49200
"Lamar State College - Orange",64100
"Long Beach City College",49900
"MCP Hahnemann And Drexel Universities",94100
"Temple University",82700
"Cerritos Community College",45500
"Clark Atlanta University",54500
"La Sierra University",81300
"Marymount Manhattan College",91100
"Mount Saint Mary College",91700
"Essex County College",43000
"Post University",57800
"Spelman College",84500
"Mills College",79100
"Copiah-Lincoln Community College",41400
"South Seattle Community College",61600
"Rochester Institute Of Technology",95700
"Florida Agricultural & Mechanical University",57000
"Nova Southeastern University",64000
"Adelphi University",96300
"Tennessee College Of Applied Technology-Jackson",54600
"Southeastern Oklahoma State University",58700
"Williston State College",60200
"H. Councill Trenholm State Technical College",34500
"College Of The Desert",44900
"Universal Technical Institute of Rancho Cucamonga, CA",62900
"Glendale Career College",33200
"Dominican University Of California",98100
"Belhaven University",77300
"ETI School Of Skilled Trades",63100
"Seton Hall University",100900
"New Mexico State University",59300
"Westwood College - South Bay",39500
"California Institute Of Technology",124500
"Northeastern Illinois University",53300
"Roosevelt University",73500
"Montclair State University",86600
"Strayer University",52700
"Methodist University",68600
"Lasell College",74300
"Advanced Technology Institute",57200
"Anthem Institute",56900
"Lee College",63300
"Mitchell Technical Institute",59000
"El Camino College",51600
"Victoria College",65600
"Kettering University",100100
"South Georgia Technical College",29700
"Morehouse College",81800
"Lurleen B. Wallace Community College",44200
"Western New Mexico University",51200
"George Mason University",107500
"New Mexico Highlands University",48500
"Campbell University",69900
"Loyola University Chicago",98600
"Alabama Southern Community College",44300
"University Of California, Santa Barbara",124000
"Columbia University In The City Of New York",169600
"Florida Atlantic University",77100
"University Of New Orleans",66400
"Bergen Community College",72000
"Iona College",97400
"Rensselaer Polytechnic Institute",114200
"University Of Saint Joseph",86600
"Montgomery College",69000
"University Of Phoenix",56000
"Lincoln Technical Institutes And Lincoln College Of Technology",35400
"Heald College",52400
"Winston-Salem State University",45400
"University Of Rochester",129200
"Saint Martin's University",82100
"Saint Louis College Of Pharmacy",92500
"San Jose-Evergreen Community College District",67900
"Thomas College",60700
"University Of Texas Of The Permian Basin",64200
"Hofstra University",105300
"University Of Miami",110100
"North Dakota State College Of Science",63200
"Jackson State University",37100
"Cameron University",56400
"Clarkson University",94600
"Hartnell Community College",51800
"Claremont Mckenna College",142000
"Whittier College",98500
"Mount San Antonio College",62800
"Cossatot Community College Of The University Of Arkansas",40800
"Western Texas College",53800
"Cochise College",51600
"Tennessee State University",52600
"Saint Mary's College Of California",110500
"Bentley University",119600
"Briarcliffe College",64800
"Southern Arkansas University",60500
"Syracuse University",119700
"Passaic County Community College",36400
"Harvey Mudd College",139800
"Hawaii Pacific University",68600
"University Of Arkansas Community College At Hope",43500
"University Of Texas At San Antonio",74300
"Ranger College",45700
"Cornell University",143300
"Lim College",80700
"New School, The",95800
"Lamar University",77200
"University Of Bridgeport",56600
"Texas State Technical College",56400
"Wilkes University",80100
"Cisco College",53600
"Southwestern Oklahoma State University",61700
"Wharton County Junior College",75500
"Shaw University",37800
"College Of New Rochelle",40400
"Le Cordon Bleu College Of Culinary Arts of Pasadena, CA",64800
"Nicholls State University",69800
"Depaul University",99900
"Community College Of Philadelphia",43600
"University Of Saint Thomas of Houston, TX",90600
"North Carolina Central University",45600
"William Paterson University Of New Jersey",89500
"University Of The Incarnate Word",69900
"University Of Arkansas At Pine Bluff",35400
"San Bernardino Community College District",55000
"Fort Valley State University",45100
"McMurry University",78000
"Babson College",140500
"Saint Xavier University",82800
"South Carolina State University",42000
"Miles Community College",51800
"Hood College",92600
"Robert Morris University Illinois",44800
"Northwestern State University",57700
"Eastern Wyoming College",54500
"Kern & North Orange County Community College Districts",63600
"Pacific Union College",96400
"University Of California, Santa Cruz",115400
"Norwich University",88200
"Broward College",54900
"Hilbert College",66300
"D G Erwin Technical Center",42500
"San Joaquin Valley College",36000
"University Of South Florida",80500
"Lincoln Technical Institute And Lincoln College Of Technology",47200
"Alderson Broaddus University",59500
"Pearl River Community College",45700
"Southwest Mississippi Community College",44100
"Intercoast Colleges",33000
"North Carolina Agricultural & Technical State University",52600
"University Of Louisiana At Lafayette",75800
"Art Institute Of Houston",58000
"University Of San Francisco",106900
"City Colleges Of Chicago",39400
"Southwestern College",71300
"San Diego Community College District",63200
"SUNY College Of Agriculture & Technology At Morrisville",54000
"Miami International University Of Art & Design",46300
"Southern West Virginia Community And Technical College",55300
"University Of Arkansas At Monticello",58800
"American International College",68700
"San Juan College",59400
"Suffolk University",88100
"Barton County Community College",52600
"Pinnacle Career Institute",51200
"Mississippi University For Women",68500
"Alverno College",65600
"St. Edward's University",101100
"School Of Visual Arts",95200
"Southeastern Illinois College",55500
"Christian Brothers University",97600
"Stetson University",98300
"Rancho Santiago Community College District",63600
"Perry Technical Institute",82000
"Cumberland County College",59900
"Pratt Institute",96100
"Eastern Oklahoma State College",45500
"University Of Tampa",92900
"American Intercontinental University",44700
"Queens University Of Charlotte",99700
"Oklahoma State University Institute Of Technology - Okmulgee",53900
"San Jacinto Community College District",71500
"Spartanburg Methodist College",60600
"West Hills Community College District",46100
"Wentworth Institute Of Technology",93600
"University Of Florida",106100
"East Central Community College",41600
"Art Institute Of New York City",45900
"University Of Texas At Arlington",83600
"Mount Holyoke College",108700
"University Of Central Florida",91200
"Spring Hill College",107000
"Galveston College",45600
"Albany State University",43800
"San Mateo County Community College District",77000
"Morton College",49700
"Eastern Shore Community College",35800
"Elaine P. Nunez Community College",47200
"Mcneese State University",75800
"Union County College",62400
"Foothill-Deanza Community College District",80200
"Capital Community College",46200
"Norwalk Community College",70200
"Quincy College",69000
"Texas Woman's University",82600
"State University Of New York At Farmingdale",85600
"Oklahoma Panhandle State University",56900
"College Of The Sequoias",51500
"Florida Memorial University",33400
"Clovis Community College",44300
"Robert Morris University",83600
"Fashion Institute Of Design & Merchandising",76300
"Bismarck State College",68300
"Scripps College",126300
"Northern Virginia Community College",86200
"North Country Community College",61000
"Western Oklahoma State College",52100
"Carl Albert State College",45700
"Hill College",58200
"Caldwell College",84300
"Ramapo College Of New Jersey",106400
"College Of Saint Elizabeth",75200
"Carlow University",66100
"SUNY College Of Technology At Canton",52600
"Beth Medrash Govoha Of America",91100
"Colorado School Of Mines",111500
"University Of West Alabama",60200
"University Of Virginia's College At Wise",69900
"Colorado State University-Pueblo",72300
"Jamestown College",75200
"State University Of New York Institute Of Technology At Utica",78000
"SUNY Westchester Community College",74100
"Saint Joseph's College of Brooklyn, NY",96700
"Craven Community College",57200
"Wells College",74900
"Loyola Marymount University",131800
"Prince George's Community College",65100
"North Georgia Technical College",42300
"Art Institute Of Fort Lauderdale",55400
"University Of Washington System",108100
"Arizona Western College",38600
"Wayne State University",81800
"Alamo Community College District",50600
"Auburn University Montgomery",73600
"Southern Adventist University",80500
"Felician College",73300
"Northeastern University",108300
"Houston Baptist University",93400
"Baptist Bible College",67700
"Fayetteville State University",41400
"University Of Texas At Dallas",100800
"Sanford-Brown College of Farmington, CT",45400
"University Of Mary",79700
"Lawrence Technological University",95100
"Mississippi Delta Community College",30100
"Roxbury Community College",32700
"Texas Lutheran University",92800
"Henderson State University",63900
"Wellesley College",142500
"Lamar State College - Port Arthur",61100
"Lackawanna College",55200
"Andrews University",73900
"Emily Griffith Technical College",50200
"Wesley College",81500
"University Of Michigan - Dearborn",105200
"Enterprise State Community College",59300
"Southwestern Community College District",54200
"Waynesburg University",74000
"Old Dominion University",82400
"Northwestern College of Bridgeview, IL",43300
"California Baptist University",82600
"Troy University And Troy State Universities, Montgomery And Dothan",64400
"Canisius College",94200
"Regis College",86900
"West Valley-Mission Community College District",91600
"Northwood University",86000
"Arkansas State University",60800
"Ouachita Baptist University",88300
"University Of Alabama In Huntsville",91300
"Yuba Community College District",48700
"Fisher College",55800
"Irvine Valley College",81200
"Trinity Valley Community College",55700
"Rust College",33000
"University Of Arkansas",93400
"Oglethorpe University",98600
"Nichols College",95300
"State Center Community College District",47600
"Coastal Carolina Community College",56700
"Ulster County Community College",66300
"University Of The Cumberlands",67000
"Northwest Kansas Technical College",57100
"Simmons College",89800
"Northeast Texas Community College",51100
"Drew University",140400
"University Of San Diego",139300
"Warren County Community College",78600
"Angelina College",45900
"MacMurray College",75500
"Hamilton College",164600
"Tennessee Technological University",78400
"Cheyney University Of Pennsylvania",38600
"Eastern Arizona College",60900
"Nassau Community College",80100
"Texas A&M University - Corpus Christi",81700
"La Roche College",78700
"Jones County Junior College",49100
"Southwestern Adventist University",66100
"Swarthmore College",135900
"Southern Polytechnic State University",92400
"Keuka College",67700
"Altamaha Technical College",35700
"Austin College",109300
"Highline Community College",76500
"Merced Community College",48400
"Mississippi Gulf Coast Community College",56800
"Bishop State Community College",31400
"Connors State College",49000
"Hohokus School - RETS/Nutley",41700
"Central Wyoming College",52100
"San Joaquin Delta College",66300
"Meridian Community College",41300
"SUNY Maritime College",103800
"California Polytechnic State University",124800
"Pittsburgh Technical Institute",58900
"Santa Clara University",149900
"Delta State University",71000
"Stanford University",172600
"Clark University",103000
"University Of Maryland System (Except University College) And Baltimore City Community College",102800
"Vernon College",53100
"Yosemite Community College District",66400
"Notre Dame Of Maryland University",81100
"United Education Institute",29600
"Southwestern Community College of Creston, IA",55600
"Saint Francis University",80200
"University Of Texas At Austin",125100
"Louisiana Tech University",81500
"Pittsburgh Institute Of Aeronautics",72400
"Eastern Idaho Technical College",59900
"Rose - Hulman Institute Of Technology",109500
"Pitzer College",131900
"Texarkana College",61200
"Northeastern State University",62100
"Hobart And William Smith Colleges",120400
"College Of Saint Scholastica",87700
"Columbia - Greene Community College - SUNY Office Of Cmnty Colleg",64600
"Carnegie Mellon University",134400
"Rider University",102100
"Alvernia University",84300
"Wagner College",114400
"Goucher College",106300
"Luna Community College",27700
"Juniata College",92100
"Worcester Polytechnic Institute",109500
"Northwest College",60800
"Conservatory Of Recording Arts & Sciences",76800
"Medaille College",72100
"Northeast Alabama Community College",53200
"Great Basin College",77300
"Colleges with insufficient data",50500
"Florida State University",100500
"Bethune Cookman University",43000
"Yakima Valley Community College",55900
"Tabor College",74000
"Lamar Community College",48500
"George Washington University",137300
"Valley City State University",62700
"University Of Central Arkansas",77200
"West Texas A&M University",74600
"Covenant College",86400
"Franklin Career Institute",25100
"Johns Hopkins University",142300
"Delgado Community College",43800
"Chattahoochee Valley Community College",48300
"Charleston Southern University",70500
"University Of Southern Mississippi",76700
"Mercer University",90000
"University Of Arkansas Community College At Batesville",48700
"Victor Valley Community College",62600
"Eastern New Mexico University",47200
"Hampton University",79500
"North Seattle College",71200
"Bunker Hill Community College",49500
"Louisiana State University System",94300
"Valencia College",62000
"University Of Texas At Tyler",80500
"Le Cordon Bleu College Of Culinary Arts of Dallas, TX",64800
"Howard Payne University",69200
"Three Rivers Community College of Poplar Bluff, MO",46700
"Lake Region State College",54300
"Tufts University",187900
"Lewis-Clark State College",66000
"University Of Illinois System",109000
"Arkansas Tech University",63200
"CollegeAmerica Denver",43500
"Holmes Community College",41500
"Angelo State University",68400
"Seward County Community College/Area Technical School",60600
"Wor-Wic Community College",57700
"Georgian Court University",83300
"John Brown University",86800
"Jefferson Community College",56800
"California State University, San Marcos",93600
"Lincoln Memorial University",69000
"Casper College",68000
"University Of Massachusetts System",1e+05
"Brenau University",87000
"Cape Cod Community College",67700
"Yale University",199700
"Graceland University",77200
"Polk State College",59500
"Georgia State University",82200
"Palomar College",73500
"Pasco - Hernando State College",51100
"College Of The Mainland",68700
"Monmouth University",110000
"Tarleton State University",75900
"Central State University",40300
"Ohlone College",91100
"Dallas County Community College District",59200
"St. Lawrence University",108400
"Institute Of Audio Research",49200
"Sam Houston State University",84000
"University Of Arkansas At Little Rock",62900
"SUNY College Of Technology At Alfred",66700
"University Of Pennsylvania",175300
"Tyler Junior College",57400
"St. Catherine University",84800
"Fox College",70500
"Minot State University",64400
"Bethany College of Bethany, WV",77600
"Philadelphia University",99600
"Redlands Community College",54600
"Citrus Community College",66500
"State University Of New York College At Plattsburgh",91400
"North Arkansas College",45000
"Brandeis University",142700
"William Carey University",66500
"University Of New Mexico",73900
"Paine College",36800
"Sage Colleges",77900
"Ecpi University And Skyline Colleges",53100
"Boston University",126800
"Advanced Institute Of Hair Design",78100
"University Of Science & Arts Of Oklahoma",59400
"Western New England University",99300
"Peninsula College",64900
"Widener University",96000
"Misericordia  University",85000
"Paul Smith's College Of Arts & Sciences",76300
"Portland State University",86900
"Midwest Technical Institute",47900
"Linn State Technical College",66800
"Southwestern Oregon Community College",59700
"Colorado Mesa University",75800
"South Arkansas Community College",54200
"Cumberland University",68800
"ASA Institute Of Business & Computer Technology",29000
"Midwestern State University",70800
"Ventura County Community College District",73700
"University Of West Florida",79700
"Pierce College",73500
"Kilgore College",59900
"Oklahoma State University",90000
"East Arkansas Community College",36100
"Art Institute Of Seattle",78700
"University Of North Carolina At Pembroke",63600
"University Of Arkansas At Fort Smith",58400
"Virginia Military Institute",116700
"Massachusetts Maritime Academy",105300
"Trine University",83700
"School Of The Art Institute Of Chicago",105800
"Trinity College of Hartford, CT",198000
"Thiel College",69500
"Langston University",38800
"College Of The Siskiyous",57500
"Union University",89300
"Johnson College",55700
"Los Rios Community College District",71900
"College Of Health Care Professions",35200
"Panola College",53200
"Garrett College",53800
"Paris Junior College",53700
"Seattle Central Community College",71800
"Grays Harbor College",58600
"Skidmore College",175400
"American Career College of Los Angeles, CA",30400
"Northland Pioneer College",46800
"Hinds Community College",43200
"Southeast Arkansas College",46900
"Middlesex County College",78900
"Allegany College Of Maryland",57900
"Wesleyan University",165300
"Cardinal Stritch University",88400
"University Of Mary Hardin-Baylor",83700
"Gadsden State Community College",52000
"Citadel, The Military College Of South Carolina",106800
"Amherst College",181300
"Stephen F Austin State University",89300
"Husson University",60900
"Lone Star College-North Harris",75900
"Yavapai College",58900
"California State University, Chico",112200
"Sullivan County Community College - SUNY Office Of Community Coll",42800
"West Shore Community College",58900
"Butte College",64100
"Louisiana College",84500
"Snead State Community College",52500
"University Of South Alabama",76700
"Sacred Heart University",114500
"College Of Central Florida",54100
"Amarillo College",58500
"Eastern Oregon University",74600
"Pomona College",161600
"Wayland Baptist University",60200
"Louisiana State University In Shreveport",66500
"SBI Campus - An Affiliate Of Sanford-Brown",51600
"Allan Hancock College",65700
"New England Institute Of Technology",71400
"Georgetown University",195100
"University Of Chicago",132000
"Palm Beach State College",61900
"Kentucky State University",54000
"College Of Idaho",92200
"Triton College",63800
"Union College of Schenectady, NY",134700
"Texas A&M University - Commerce",72800
"Moore Norman Technology Center School District No. 17",61500
"Salem State University",87100
"Oakton Community College",75500
"Arcadia University",92200
"Antelope Valley College",66600
"Summit College",39600
"University Of Oklahoma",98500
"Virginia Commonwealth University",90700
"Eastern Washington University",85900
"Seminole State College Of Florida",63100
"Mid-Plains Community College",57000
"Colby Community College",57600
"Curry College",101600
"Indian River State College",54000
"Colorado Northwestern Community College",72900
"Jefferson Davis Community College",35800
"Miller-Motte Technical College & McCann School Of Business & Technology",41300
"Chadron State College",68100
"Saint John Fisher College",88200
"Seattle University",105700
"Harris - Stowe State University",45200
"East Mississippi Community College",44900
"Houghton College",85300
"Richard Stockton College Of New Jersey",92700
"Georgia Southwestern State University",73400
"University Of Alabama At Birmingham",74600
"University Of Nevada - Las Vegas",90400
"Weatherford College",62500
"Milwaukee School Of Engineering",91700
"Adams State University",67200
"Smith College",114900
"College Of Our Lady Of The Elms",87500
"Fayetteville Technical Community College",51600
"Florida Gulf Coast University",78900
"Emmanuel College of Boston, MA",93400
"Lehigh University",138300
"Lorenzo Walker Institute Of Technology",40000
"Grossmont-Cuyamaca Community College District",77400
"Flathead Valley Community College",55700
"South Plains College",56200
"Northeastern Oklahoma A & M College",52800
"Southwest Virginia Community College",44900
"Florida Southern College",85400
"Wytheville Community College",53500
"Pepperdine University",124100
"University Of Detroit Mercy",85200
"Georgia Institute Of Technology",126000
"SUNY Upstate Medical University And SUNY College Of Environment Science And Forestry",89900
"Suffolk County Community College",81200
"Our Lady Of Holy Cross College",88400
"Hillsborough Community College",63700
"Massachusetts Bay Community College",76800
"North Shore Community College",72000
"Southeastern Louisiana University",72700
"Temple College",63900
"SUNY College At Buffalo",77700
"University Of Montana Western",59700
"Morningside College",67100
"SUNY College At Purchase",103100
"Lower Columbia College",72200
"Northeast Community College",54300
"University Of New Haven",84900
"Westminster College of New Wilmington, PA",87900
"Willamette University",110800
"George C. Wallace Community College",53600
"Marymount California University",104900
"Huntingdon College",87200
"Johnson & Wales University",75100
"Lassen College",64200
"Northwest Arkansas Community College",65900
"Tacoma Community College",74100
"Bevill State Community College",50100
"Eureka College",76500
"Bryn Mawr College",125400
"La Salle University",101500
"Oklahoma City Community College",66900
"Middle Georgia State College",62700
"Armstrong Atlantic State University",76000
"Colorado College",154600
"Southeastern Community College of Whiteville, NC",42600
"Georgia Military College",62000
"Carroll College",89700
"Lake Sumter State College",59100
"Monterey Peninsula College",66100
"Rowan University",102400
"Gulf Coast State College",56700
"Mohave Community College",45400
"Tennessee College Of Applied Technology - Knoxville",55200
"Santa Fe College",66400
"Northwestern Oklahoma State University",61400
"College Of New Jersey",122300
"Navarro College",56000
"SUNY College At Oneonta",92700
"Marshalltown Community College",68500
"Emory University",175700
"Springfield Technical Community College",69300
"Millsaps College",110600
"Santa Barbara City College",86100
"University Of Pittsburgh System",91200
"Biola University",95300
"Haverford College",174200
"Arkansas Northeastern College",37100
"Westwood College - Los Angeles",37800
"Lake Forest College",116000
"Umpqua Community College",56700
"Saint Augustine's University",38800
"Bristol Community College",69500
"Case Western Reserve University",118200
"Riverside Community College District",70800
"Columbus State University",72600
"Tennessee College Of Applied Technology-Shelbyville",61500
"George C. Wallace State Community College",58500
"Columbia College of Columbia, MO",61700
"Campbellsville University",68100
"Gavilan College",80500
"Grayson  County College",66900
"Alvin Community College",84500
"Cuesta College",79900
"Florida Technical College",39200
"McLennan Community College",54700
"Chaffey Community College",66300
"Mississippi State University",90700
"Southern Methodist University",176400
"Shelton State Community College",60400
"Contra Costa Community College District",85400
"Champlain College",85200
"Pennsylvania State University",95400
"Harvard University",174000
"Northwest - Shoals Community College",56300
"Rockland Community College",92600
"Bates Technical College",65000
"University Of Hawaii And Hawaii Community Colleges",75200
"Lynn University",149800
"Santa Fe Community College",56400
"Milan Institute of Sparks, NV",39300
"Keiser University",40500
"Bladen Community College",36100
"Cabrillo College",70200
"Drake University",109600
"Fitchburg State University",89500
"Michigan Technological University",98700
"SUNY College At Geneseo",107400
"Santa Rosa Junior College",80900
"Ohio Wesleyan University",103000
"South Puget Sound Community College",73900
"Quinsigamond Community College",73700
"Dakota College At Bottineau",54900
"Western Wyoming Community College",79100
"Western Connecticut State University",100500
"High Point University",86100
"Colorado Technical University",52300
"Columbia Basin College",77500
"Georgia Piedmont Technical College",47200
"Wabash College",100800
"Vincennes University",68800
"College Of Saint Rose",91000
"Southside Virginia Community College",39800
"Sheridan Technical Center",46500
"Sonoma State University",113700
"University Of Advancing Computer Technology",80600
"Missouri Southern State University",63800
"Western Dakota Technical Institute",54700
"SUNY College At Oswego",85900
"SUNY College At Cortland",94500
"Art Institute Of Pittsburgh",63800
"Rose State College",63800
"University Of Redlands",108400
"Duquesne University Of The Holy Spirit",104000
"College Of Marin",82000
"Vatterott College",48500
"Marist College",119300
"University Of Connecticut",110300
"Northern Wyoming Community College District",65300
"Wheaton College of Wheaton, IL",130900
"Aiken Technical College",64100
"Edison State College",61100
"Le Cordon Bleu College Of Culinary Arts of Scottsdale, AZ",67200
"Morehead State University",65700
"Ursuline College",75100
"Art Institute Of Colorado",74200
"University Of Central Oklahoma",77500
"SUNY College Of Technology At Delhi",63600
"North Park University",87200
"Concordia University - Saint Paul",77900
"Bay Path College",84100
"Central Ohio Technical College",62200
"Carrington College California",47900
"Chapman University",109600
"Westminster College of Salt Lake City, UT",95400
"Lake Area Technical Institute",56500
"East Stroudsburg University Of Pennsylvania",85700
"Holy Family University",83200
"Hudson Valley Community College",74200
"International Academy Of Design And Technology of Orlando, FL",50400
"Ferris State University",82500
"Art Institute Of Portland",78400
"Anna Maria College",90400
"Northwestern University",168500
"Western Nebraska Community College",56400
"University Of North Florida",88900
"North Dakota State University - Main Campus - Fargo",81900
"Central Arizona College",53400
"Everest Institute of Miami, FL",27700
"Illinois School Of Health Careers",32200
"St. Petersburg College",60900
"South Suburban College Of Cook County",57900
"Middlesex Community College of Middletown, CT",82900
"Chippewa Valley Technical College",66900
"Pioneer Pacific College",52200
"Georgia Southern University",88100
"University Of South Carolina System",85400
"Salve Regina University",117500
"Rockford University",83500
"Shawnee State University",61800
"National Park Community College",48900
"Pima County Community College",61400
"Simpson University",72700
"Southwestern Assemblies Of God University",70400
"Interactive College Of Technology",32900
"Florida Gateway College",52900
"Henry Ford Community College",76600
"Hartwick College",94400
"Marietta College",85300
"Marshall University",76400
"Centralia College",66300
"St. John's College",110900
"Herkimer County Community College - SUNY Office Of Community Coll",57400
"University Of Mississippi",109100
"King's College of Wilkes-Barre, PA",89900
"Community College Of Baltimore County",71600
"Elmhurst College",100200
"Oregon State University",100600
"Buena Vista University",69800
"Lewis University",93700
"Napa Valley College",75000
"Oklahoma State University - Oklahoma City",64600
"University Of North Carolina - Charlotte",92300
"West Virginia University, West Virginia University Institute Of Technology, West Virginia University - Parkersburg, And Potomac State College",86700
"Madonna University",100700
"Savannah Technical College",45500
"Tarrant County College District",75400
"Academy Of Art University",92300
"Bethel University of McKenzie, TN",54700
"Northern Illinois University",97700
"Grace College And Theological Seminary",73100
"Delaware Valley College Of Science & Agriculture",90700
"Haywood Community College",53700
"Housatonic Community College",62300
"Chatham University",71200
"Lafayette College",156700
"SUNY College At Brockport",86800
"Stevenson University",99000
"Humboldt State University",96000
"California Culinary Academy",66000
"Rockhurst University",107300
"University Of Michigan - Flint",94500
"Southeastern University",67000
"Lincoln University of Jefferson City, MO",57000
"Burlington County College - Pemberton Campus",83200
"Missouri State University - West Plains",43100
"Klamath Community College",53600
"Pennsylvania College Of Technology",73400
"University Of Alabama",106100
"Mohawk Valley Community College - SUNY Office Of Community Colleg",58300
"University Of South Dakota, South Dakota State Universities And South Dakota School Of Mines And Technology",71600
"Big Bend Community College",64400
"William Penn University",64400
"Mt. San Jacinto College",71000
"Waldorf College",70300
"Southern Oregon University",84400
"Bay State College",55000
"Northwest Iowa Community College",62900
"Cleveland State University",72700
"Ferrum College",71100
"Orange County Community College",80200
"Orleans Technical Institute",41000
"Cleveland State Community College",64700
"Rice University",149200
"Bryant University",116900
"Bainbridge State College",35300
"Boston College",168400
"Duke University",196000
"Creighton University",119200
"Moody Bible Institute",78900
"Daytona State College",52400
"West Virginia Community And Technical College System",64200
"California State University Channel Islands",96300
"Columbus College Of Art & Design",81800
"Washington Adventist University",74900
"Roanoke Chowan Community College",29400
"Edmonds Community College",84300
"Columbia Gorge Community College",59100
"Tulsa Community College",69800
"McDaniel College",108100
"Belmont College",53000
"Southern Union State Community College",66800
"University Of Rhode Island",105900
"Seminole State College",49600
"Nashua Community College",81500
"University Of Pikeville",57400
"Robeson Community College",32500
"Connecticut College",170500
"College Of The Canyons",88200
"Tidewater Community College",65500
"Regis University",121400
"Ohio Northern University",91300
"Arizona State And Northern Arizona University And University Of Arizona",110700
"Camden County College",74000
"Fairfield University",151500
"Georgia Perimeter College",68800
"Okefenokee Technical College",35300
"University Of North Dakota",90000
"Pfeiffer University",83600
"Bloomsburg University Of Pennsylvania",89800
"Le Moyne College",89100
"Green Mountain College",93200
"Arkansas State University - Beebe",63100
"Coe College",90600
"Loyola University New Orleans",113800
"Montana State University - Billings",66000
"Blinn College",83400
"Halifax Community College",29900
"Culver-Stockton College",78600
"New England Culinary Institute",91600
"Dutchess Community College",82900
"Florida State College At Jacksonville",66600
"Wenatchee Valley College",61200
"Chabot-Las Positas Community College District",84000
"University Of Scranton",120200
"Sanford-Brown College of McLean, VA",49700
"Southwest Wisconsin Technical College",57700
"Texas Tech University",110300
"Northern Essex Community College",70700
"Wilson Community College",48000
"Shoreline Community College",84200
"Daemen College",77600
"Brown University",197000
"Milwaukee Institute Of Art & Design",89200
"Transylvania University",98300
"Ripon College",92100
"College Of Coastal Georgia",64400
"North Idaho College",59600
"Helena College University Of Montana",57900
"Labette Community College",57700
"Clayton State University",77600
"Maryland Institute College Of Art",117100
"Southeast Technical Institute",68900
"Westminster College of Fulton, MO",96600
"Mount Marty College",67100
"Point Park University",79200
"North Central Texas College",79800
"Trident Technical College",63500
"University Of Alaska System",85000
"Community College Of Rhode Island",64600
"Miracosta College",71200
"Bard College",117900
"Pittsburg State University",75300
"Feather River College",66000
"Carson - Newman University",79100
"Alpena Community College",60600
"Sanford-Brown College of Boston, MA",40400
"Orange Technical Education Centers - Orlando Technical",46000
"University Of Idaho",86600
"Eastern Kentucky University",69700
"Azusa Pacific University",103700
"Lubbock Christian University",71900
"Saint Johns River State College",67800
"Missouri Western State University",68300
"Mount Mercy University",76500
"Palm Beach Atlantic University",92200
"Rappahannock Community College",59900
"Flagler College",100900
"Lindsey Wilson College",49100
"Monmouth College",88100
"South Florida State College",44400
"Culinary Institute Of America",102800
"College Of Southern Nevada",66800
"Black River Technical College",41100
"Whatcom Community College",78400
"University Of Michigan - Ann Arbor",156100
"Corning Community College - SUNY Office Of Community Colleges",65200
"Austin Community College",77100
"Chattanooga State Community College",61800
"University Of Wyoming",90100
"Grand View University",71800
"Rogers State University",66500
"Emory & Henry College",84000
"Art Institute Of Philadelphia",68000
"Yeshiva University",180100
"Crowder College",51100
"Niagara University",92300
"Rhode Island College",82700
"East Tennessee State University",75600
"Fortis Institute of Palm Springs, FL",33200
"Centenary College Of Louisiana",100300
"Worcester State University",87600
"Webber International University",62400
"Hamline University",94300
"State College Of Florida, Manatee-Sarasota",62400
"Parkland College",72500
"Texas State University",100900
"California University Of Pennsylvania",73800
"Bellevue College",97000
"East Texas Baptist University",72500
"University Of North Alabama",80300
"Chesapeake College",65500
"Abraham Baldwin Agricultural College",66000
"Washington State University",104200
"Renton Technical College",73000
"International Academy Of Design And Technology of Chicago, IL",51600
"Oklahoma City University",101700
"Montana State University Bozeman",84500
"Alfred University",90800
"Georgia Highlands College",76000
"Agnes Scott College",97200
"Northwest Florida State College",62200
"Eastern Florida State College",65300
"Vanderbilt University",197900
"Motlow State Community College",64700
"Belmont Abbey College",97900
"Dixie State University",76900
"Vance - Granville Community College",43100
"Florence - Darlington Technical College",43900
"Greenville College",80000
"Full Sail University",80400
"Southwestern Community College of Sylva, NC",49700
"University Of West Georgia",85400
"Williams Baptist College",53800
"Georgetown College",93600
"University Of North Texas",98700
"University Of Virginia",151000
"Bucknell University",149800
"University Of Sioux Falls",78600
"Carl Sandburg College",59300
"Middlesex Community College of Bedford, MA",82500
"Southern Connecticut State University",91300
"Central Connecticut State University",93300
"Grinnell College",126400
"Cleveland Community College",49600
"Doane College",76600
"Multnomah University",80500
"Manor College",78400
"Southwest Florida College",40900
"Calhoun Community College",72600
"Naugatuck Valley Community College",75300
"Northern Oklahoma College",63000
"Piedmont Technical College",45200
"Manchester Community College of Manchester, CT",81700
"North Carolina Wesleyan College",63100
"Brookdale Community College",93200
"Phoenix Metro Community Colleges",75300
"Kentucky Wesleyan College",82500
"Francis Marion University",68500
"Freed Hardeman University",77500
"Massasoit Community College",78300
"Upper Iowa University",62000
"Central New Mexico Community College",54500
"Southern New Hampshire University",85800
"Gannon University",83300
"Holyoke Community College",71500
"Atlanta Technical College",32000
"Albany Technical College",29200
"Edgecombe Community College",32500
"Abilene Christian University",101000
"Texas A&M University",119400
"Oral Roberts University",76600
"American Institute Of Business",66000
"Murray State University",79800
"Concord University",66800
"Dunwoody College Of Technology",89100
"Northwest University",80400
"Shorter University",84000
"Clinton Community College - SUNY Office Of Community Colleges",62800
"Delaware Technical Community College of Dover, DE",69900
"Indiana University Of Pennsylvania",77100
"MTI College",48400
"University Of Oregon",108700
"Endicott College",108400
"Dominican University",87300
"Chestnut Hill College",76600
"Concordia University of Irvine, CA",94000
"Northeast Mississippi Community College",57200
"Illinois College",80900
"New River Community College",68000
"Sauk Valley Community College",64900
"Jackson State Community College",63200
"Blue Ridge Community College of Weyers Cave, VA",71600
"College Of The Redwoods",59900
"University Of Denver",152000
"Luzerne County Community College",61100
"Point Loma Nazarene University",113300
"Pratt Community College",55100
"Western Kentucky University",76100
"Stillman College",37200
"Emmanuel College of Franklin Springs, GA",67500
"Kaskaskia College",59900
"Medtech College",35600
"Orangeburg - Calhoun Technical College",37200
"South University",40700
"East Georgia State College",57600
"Atlantic Cape Community College",60000
"Darton State College",63200
"Ocean County College",81600
"Brookline College",30000
"Lake Tahoe Community College",64600
"Northwest Nazarene University",83800
"University Of Maine System",72600
"University Of Arkansas Community College At Morrilton",57300
"Macalester College",115500
"Rogue Community College",53600
"Universal Technical Institute of Orlando, FL",68500
"Rowan College At Gloucester County",81600
"Mount Wachusett Community College",71400
"Winthrop University",84100
"Michigan State University",120400
"Texas School Of Business",31100
"University Of North Carolina School Of The Arts",106800
"Hardin-Simmons University",91700
"Great Falls College Montana State University",54300
"Moravian College",97100
"Ithaca College",117800
"Washington And Jefferson College",99300
"Glenville State College",55900
"Shippensburg University Of Pennsylvania",93000
"North Florida Community College",48800
"Lee University",78600
"Central Washington University",97100
"Dartmouth College",185500
"Gwynedd Mercy University",94700
"Washington State Community College",58400
"Austin Peay State University",66600
"Zane State College",53800
"Genesee Community College",64400
"Baylor University",132400
"Automotive Training Center",74600
"Albright College",89000
"Atlanta Metropolitan  State College",38900
"Treasure Valley Community College",52000
"Elmira College",91400
"Illinois Eastern Community Colleges - Olney Central College",58400
"SUNY College Of Agriculture & Technology At Cobleskill",71700
"Mars Hill University",72900
"Mount Hood Community College",75000
"Skagit Valley College",69500
"Carleton College",152000
"Lewis & Clark College",119100
"Berkshire Community College",66000
"Brown College",67800
"Institute For Business & Technology",42700
"Certain Colorado Community Colleges",70800
"Mountain Empire Community College",43000
"Coconino County Community College",68500
"Fort Hays State University",71100
"Ogeechee Technical College",41600
"Concordia College - Moorhead",86400
"School Of The Museum Of Fine Arts",109600
"Hiram College",78900
"Pacific University",92700
"West Virginia State University",65100
"Virginia Polytechnic Institute & State University",123300
"North Carolina State University",111400
"Carrington College of Spokane Valley, WA",46500
"Williamsburg Technical College",29300
"James H. Faulkner State Community College",65100
"Massachusetts College Of Liberal Arts",81400
"Seattle Pacific University",104200
"Digipen Institute Of Technology",95200
"Princeton University",218100
"Itawamba Community College",47900
"University Of Saint Francis of Joliet, IL",91600
"Hodges University",38300
"Allegheny College",102800
"Cabrini College",98100
"Youngstown State University",71500
"Blue Mountain Community College",61400
"Moultrie Technical College",28800
"Rhode Island School Of Design",142800
"Mount Ida College",64900
"Bossier Parish Community College",63000
"Virginia Highlands Community College",54300
"Northern Michigan University",81000
"Massachusetts College Of Art And Design",98300
"College Of Southern Maryland",90600
"Never Attended College (up to year 2013)",35200
"Saint Louis University",119700
"Mineral Area College",56300
"Lake Michigan College",69800
"South Hills School Of Business & Technology",63500
"Lake Superior State University",75500
"Siena College",116800
"Tennessee College Of Applied Technology - Morristown",49300
"Eastern Nazarene College",81600
"Tulsa Technology Center School",54500
"Pensacola State College",58200
"Jamestown Community College",59600
"Franklin Pierce University",86300
"Finger Lakes Community College - SUNY Office Of Community College",69100
"Southwest Georgia Technical College",35100
"Neumann University",85200
"Chattahoochee Technical College",70800
"Bridgewater State University",93300
"Wheeling Jesuit University",85100
"University Of Hartford",106300
"Villanova University",159900
"Southeastern Technical College",33200
"Montcalm Community College",63200
"Herzing University",65400
"Jacksonville State University",69100
"University Of Dallas",116700
"Anthem College And The Bryman School Of Arizona",41100
"Minneapolis College Of Art & Design",92900
"Otero Junior College",50100
"Southern Illinois University At Carbondale",87300
"Lord Fairfax Community College",74000
"Iowa State University Of Science & Technology",92900
"Texas Wesleyan University",62800
"Columbia College of Columbia, SC",62600
"Late College Goers",43300
"Seton Hill University",62900
"Saint Vincent College & Seminary",90200
"University Of Montana",82400
"Northwest Mississippi Community College",51700
"Lenoir Community College",45900
"University Of Mount Olive",57100
"Hannibal - Lagrange University",71800
"Southern Illinois University Edwardsville",87400
"Stevens Henager College",61000
"Augsburg College",99100
"Valdosta State University",83400
"Saginaw Valley State University",86500
"West Liberty University",72200
"Shawnee Community College",48800
"Mount Aloysius College",57700
"Howard Community College",99100
"Lewis And Clark Community College",70500
"Kankakee Community College",72400
"Spokane And Spokane Falls Community Colleges",64700
"Lebanon Valley College",92700
"Metro Business College",38400
"American University",135700
"Delaware County Community College",80800
"Indiana Institute Of Technology",67800
"Garden City Community College",58000
"Maryville University Of Saint Louis",92900
"Maryville College",84900
"Rend Lake College",57700
"Rollins College",120800
"Virginia Wesleyan College",90400
"Baker University",96200
"Meredith College",107700
"Boise State University",77100
"Northeastern Junior College",61100
"Indian Hills Community College",59600
"Martin Community College",37700
"West Chester University Of Pennsylvania",102700
"Peru State College",64600
"University Of Nebraska System",89400
"Virginia Western Community College",66800
"Kansas State University",92100
"Linn-Benton Community College",71900
"Erie Community College",72400
"University Of Tennessee System",99200
"Dalton State College",63500
"Middlebury College",219600
"International Career Development Center",29500
"University Of Rio Grande",60300
"University Of North Carolina - Greensboro",88700
"College Of Du Page",85900
"Lesley University",96100
"Wheaton College of Norton, MA",117300
"Mendocino College",51900
"Reinhardt University",101500
"Pima Medical Institute",44500
"Cazenovia College",64200
"Oklahoma Christian University",88100
"Rhodes College",164400
"Franklin & Marshall College",162900
"College Of Lake County",88400
"Central Methodist University",66000
"Moraine Valley Community College",87200
"Catawba College",94000
"John Tyler Community College",79900
"Western Oregon University",86900
"Judson University",83000
"Tompkins Cortland Community College",58900
"Brigham Young University - Hawaii",93200
"University Of Memphis",83000
"Oberlin College",127100
"Davenport University",55800
"Wilkes Community College",53200
"Paul D. Camp Community College",53900
"College Of Saint Benedict",106800
"Wingate University",86600
"Portland Community College",72400
"Moberly Area Community College",59600
"Walla Walla Community College",62000
"Edgewood College",93300
"Anne Arundel Community College",91100
"Jacksonville University",85000
"Fort Myers Institute Of Technology And Cape Coral Institute Of Technology",49800
"Chemeketa Community College",66100
"Blackburn University",65800
"Sierra College",85900
"University Of Louisville",87400
"Washington College",120900
"Mayville State University",68300
"Simpson College",80800
"California Lutheran University",110600
"Olivet College",66600
"University Of Colorado System",128200
"Pulaski Technical College",54400
"Sullivan University, Sullivan College Of Technology And Design And Spencerian College",60900
"Concordia University Texas",91300
"Walla Walla University",94100
"Greenville Technical College",64600
"Otterbein University",88100
"Green River Community College",90200
"Drury University",74400
"Tri-County Technical College",64000
"Gardner - Webb University",84800
"Ozark Christian College",61400
"Olivet Nazarene University",81400
"University Of North Georgia",96300
"Coker College",59000
"Sarah Lawrence College",146500
"Lenoir-Rhyne University",91600
"Ozarks Technical Community College",58800
"Fort Scott Community College",56800
"Bucks County Community College",87000
"Berry College",103100
"Western Nevada College",62400
"Gateway Community College",68300
"Dickinson College",136600
"Wichita State University",86400
"Midlands Technical College",61000
"Lake Land College",63800
"Iowa Central Community College",64400
"Lakes Region Community College",71200
"University Of Akron",74300
"Missouri Valley College",63500
"University Of Charleston",77700
"State University Of New York College At Potsdam",83800
"Cape Fear Community College",70800
"Clemson University",120200
"Geneva College",77800
"Delaware Technical Community College - Owens Campus",64600
"Bluefield State College",54700
"Idaho State University",71500
"Tallahassee Community College",61900
"Mary Baldwin College",81100
"Anderson University of Anderson, SC",75900
"University Of New Hampshire",109900
"Community College Of Allegheny County",66100
"East Carolina University",96000
"Messiah College",97100
"Cecil College",76500
"Laramie County Community College",69000
"Northwestern College of Orange City, IA",75300
"Northeast State Community College",60200
"Blue Ridge Community College of Flat Rock, NC",60800
"North Central Missouri College",57900
"Presbyterian College",118100
"Wofford College",133400
"Center For Employment Training",29300
"Bellingham Technical College",63900
"Antonelli College",37200
"Kennesaw State University",99900
"Sussex County Community College",84900
"Mississippi College",93400
"University Of Vermont And State Agricultural College",120100
"Metropolitan Community College of Kansas City, MO",73900
"Ohio Dominican University",73700
"Trinity University",153200
"Bradley University",112900
"East Central College",68000
"University Of Minnesota System",101600
"Eastern Michigan University",98400
"Hagerstown Community College",71500
"George Fox University",89000
"Alma College",98200
"University Of Nevada , Reno",103500
"Walters State Community College",55300
"West Virginia Northern Community College",57600
"Raritan Valley Community College",102200
"University Of Missouri System And Missouri University Of Science And Technology",103000
"Franklin College Of Indiana",85300
"SUNY At Fredonia",94300
"Saddleback College",100600
"Missouri State University",87900
"Western Illinois University",93400
"College Of Southern Idaho",56900
"Tunxis Community College",80800
"Lawrence University Of Wisconsin",111600
"Southeast Community College",70900
"University Of North Carolina - Chapel Hill",129500
"University Of Tulsa",93600
"Eckerd College",113100
"Marquette University",124800
"Baldwin Wallace University",89200
"Broome Community College",65700
"Central Oregon Community College",68200
"Surry Community College",58400
"Reed College",121900
"Clackamas Community College",73400
"Georgia College & State University",95100
"Illinois Institute Of Art",81500
"Vanguard University Of Southern California",83200
"Bethany College of Lindsborg, KS",73700
"University Of Mount Union",83400
"Minnesota State University System, Century And Various Other Minnesota Community Colleges",77500
"South Georgia State College",62900
"Owens State Community College",68400
"Pellissippi State Community College",73100
"University Of Utah",107400
"Cayuga Community College - SUNY Office Of Community College",64300
"Western Washington University",108100
"Danville Community College",59800
"North Greenville University",77100
"University Of Toledo",85200
"Lake Washington Institute Of Technology",84100
"University Of Northern Iowa",88700
"Saint Joseph's University",144500
"Colorado State University",115400
"Roane State Community College",59700
"Maynard A. Traviss Career Center",44600
"University Of Evansville",96700
"University Of The South",174200
"Saint Augustine College",35100
"Mid-State Technical College",67700
"Benedictine University",104500
"Northampton County Area Community College",74900
"Central Carolina Community College",57000
"New England Institute Of Art",73500
"Southwest Tennessee Community College",53600
"North Iowa Area Community College",62100
"Western Carolina University",88000
"Thomas More College",89700
"Thomas Nelson Community College",65800
"Defiance College",77900
"Aurora University",87100
"Millikin University",96500
"Trinity Christian College",92700
"Shepherd University",83400
"Middle Tennessee State University",89100
"Oakland University",110600
"Allen County Community College",65000
"County College Of Morris",101100
"Mount Mary University",80800
"Shenandoah University",1e+05
"J Sargeant Reynolds Community College",71300
"Slippery Rock University",79200
"Dodge City Community College",48000
"North Central College",103700
"North Central State College",60100
"Bowdoin College",177600
"Vassar College",145100
"Lakeshore Technical College",73100
"SUNY Fulton-Montgomery Community College",56700
"Kalamazoo College",139700
"Hastings College",82700
"Kent State University",78400
"Westmont College",132100
"Truckee Meadows Community College",72900
"Colorado Mountain College",79400
"Cloud County Community College",54200
"Goshen College",86900
"Solano Community College",84300
"Christopher Newport University",92500
"Ringling College Of Art & Design",97000
"Knox College",99900
"Lane Community College",69300
"Illinois State University",107600
"Emerson College",120500
"Mansfield University Of Pennsylvania",70300
"Illinois Wesleyan University",120900
"Empire Beauty School of New York, NY",43000
"Jefferson State Community College",76200
"Pennsylvania Highlands Community College",55800
"University Of New England",89600
"College For Creative Studies",98300
"Le Cordon Bleu College Of Culinary Arts In Chicago",72100
"Tennessee College Of Applied Technology - Dickson",70900
"YTI Career Institute",72300
"NHTI  - Concord's Community College",76600
"Indiana State University",82600
"Clover Park Technical College",65300
"Kishwaukee College",76400
"Northwestern Michigan College",69400
"Delta College",75800
"Auburn University",123200
"Virginia College",36500
"Roger Williams University",111600
"Master's College & Seminary",87700
"University Of Georgia",127400
"Southwest Baptist University",72000
"Hollins University",110700
"Plymouth State University Of The University System Of New Hampshire",94200
"Monroe Community College",77200
"Crown College",73500
"Beaufort County Community College",46400
"Phillips Community College Of The University Of Arkansas",30200
"Central Carolina Technical College",40600
"Reading Area Community College",64500
"Benedictine College",90200
"Clarion University Of Pennsylvania",75500
"Brooks Institute",95300
"Prairie State College",60800
"Elgin Community College",91700
"University Of Northwestern- St Paul",79700
"Brunswick Community College",47200
"Lock Haven University Of Pennsylvania",76600
"Malone University",79000
"Coastal Carolina University",91500
"Stanly Community College",62200
"Carthage College",101600
"Taylor University",102100
"Washington University In St. Louis",180200
"Hesston College",66600
"University Of Cincinnati",85200
"Centenary College",94300
"Central Michigan University",98300
"University Of Northern Colorado",99000
"Macomb Community College",93000
"Southwestern Illinois College",73100
"Kansas City Kansas Community College",66500
"Southern State Community College",53900
"Muhlenberg College",150300
"Cuyahoga Community College",57500
"Southern Nazarene University",83000
"Keystone College",60200
"Saint John's University of Collegeville, MN",114300
"Roanoke College",111800
"University Of Mobile",77600
"Jefferson Community And Technical College",69100
"Clark College",82100
"University Of Montevallo",87700
"Patrick Henry Community College",48800
"Cowley County Community College & Area Vocational Technical Schoo",75300
"Montgomery County Community College",85200
"John A. Logan College",61100
"Texas Christian University",142700
"Harrington College Of Design",89100
"Edinboro University Of Pennsylvania",74800
"Northeast Iowa Community College",64400
"Clatsop Community College",59000
"Schenectady County Community College",68100
"Piedmont Virginia Community College",70400
"Florida College",85500
"University Of Iowa",114700
"Western Michigan University",112200
"Birmingham Southern College",137900
"Harrisburg Area Community College",72200
"Athens Technical College",57200
"Purdue University",103200
"Wayne County Community College District",44300
"Butler University",121500
"Eastern Mennonite University",90700
"Quincy University",84000
"College Of The Holy Cross",157000
"Augustana College of Rock Island, IL",114300
"Isothermal Community College",54600
"Lehigh Carbon Community College",70000
"Illinois Central College",82800
"Randolph College",107300
"PCI Health Training Center",36600
"Adirondack Community College - SUNY Office Of Community Colleges",69900
"Philander Smith College",32000
"Tri-County Community College",44100
"Eastern Gateway Community College",58100
"St. Catharine College",49400
"Colby-Sawyer College",99400
"Southwestern Michigan College",65300
"Salt Lake Community College",82500
"Horry - Georgetown Technical College",51000
"Metropolitan State University Of Denver",87500
"Bellevue University",73100
"Wayne State College",67800
"Columbia State Community College",74300
"Richland Community College",69500
"Germanna Community College",84600
"Gene Juarez Beauty Schools",75600
"Central Community College",56600
"Johnston Community College",60200
"Williams College",184000
"Tennessee Wesleyan College",71800
"Briar Cliff University",74400
"Savannah College Of Art And Design",114900
"Niagara County Community College",71900
"Calvin College",111500
"Luther College",101300
"University Of Findlay",81800
"Everett Community College",82100
"University Of Saint Thomas of Saint Paul, MN",122900
"Bridgewater College",91300
"Gordon State College",74100
"Pitt Community College",57700
"Lander University",83300
"St Louis Community Colleges",74500
"Friends University",82200
"Metropolitan Community College of Omaha, NE",72700
"Independence Community College",48600
"Mount Saint Mary's University",111700
"Columbus State Community College",72400
"John Carroll University",101500
"Iowa Lakes Community College",55200
"Hocking Technical College",63600
"Wheelock College",95600
"Saint Anselm College",109700
"University Of Indianapolis",86100
"American National University",38300
"Radford University",101700
"Ivy Tech Community College Of Indiana System",66000
"Southern Utah University",81700
"Eastern Illinois University",100100
"Ursinus College",103200
"Snow College",76900
"University Of Kentucky",98800
"Milligan College",85900
"Evangel University",73800
"Adrian College",88500
"Ranken Technical College",81900
"Southeast Missouri State University",85200
"University Of Kansas",116600
"Mercer County Community College",80400
"College Of Charleston",119500
"Westmoreland County Community College",64400
"Loras College",94100
"Linfield College",105500
"Wake Technical Community College",78900
"Columbia College of Chicago, IL",85100
"Northwest Missouri State University",80900
"Dyersburg State Community College",55200
"Keene State College",97700
"Western Iowa Tech Community College",62600
"Arapahoe Community College",93800
"Dawson Community College",58000
"California Institute Of The Arts",108700
"Bellarmine University",98200
"Lanier Technical College",63800
"Pacific Lutheran University",100900
"Lindenwood University",91100
"Denison University",149300
"Northern Kentucky University",86400
"Wisconsin Indianhead Technical College",64000
"Nashville State Community College",65400
"Iowa Western Community College",67100
"Lancaster Bible College",72000
"Pivot Point Academy",77600
"Elizabethtown College",98100
"University Of The Ozarks",72600
"Manchester Community College of Manchester, NH",79400
"Hutchinson Community College",67700
"Muskingum University",83100
"Wilmington College",71400
"Harper College",88900
"Providence College",139300
"Central College",87700
"Central Georgia Technical College",33600
"Bennington College",99200
"Illinois Valley Community College",73800
"University Of Portland",117600
"Utah Valley University",89800
"Indiana University System",99400
"Delaware Technical Community College of Wilmington, DE",82100
"Spring Arbor University",81800
"Onondaga Community College",72800
"Washburn University - Topeka",80800
"Washtenaw Community College",89100
"Capital University",84100
"Caldwell Community College & Technical Institute",60300
"Kirkwood Community College",75000
"Olympic College",75700
"Black Hawk College",74000
"Kellogg Community College",71600
"Mitchell College",98200
"Heidelberg University",80000
"Maranatha Baptist University",68000
"DePauw University",117700
"School Of Communication Arts Of North Carolina",61100
"Danville Area Community College",61100
"Colby College",208700
"Beloit College",109800
"Fontbonne University",88800
"Butler County Community College of Butler, PA",66300
"Quinnipiac University",127000
"Rich Mountain Community College",34900
"Westfield State University",98100
"Baker College",61400
"Jackson College",72400
"University Of Notre Dame",165400
"Montgomery Community College",51000
"Salem Community College",76200
"John, Castleton And Lyndon State Colleges And Community College Of Vermont",68400
"Becker College",75500
"Millersville University Of Pennsylvania",93500
"Our Lady Of The Lake College",86500
"Tennessee College Of Applied Technology-Memphis",43900
"White Mountains Community College",60400
"Eastern Connecticut State University",94900
"Newberry College",80400
"Piedmont Community College",46200
"Central Piedmont Community College",71200
"Assumption College",120100
"Whitman College",138200
"Kutztown University Of Pennsylvania",94100
"Clark State Community College",66100
"Utah College Of Massage Therapy",62300
"University Of Wisconsin System",96100
"Cedarville University",99500
"Volunteer State Community College",70800
"Milwaukee Area Technical College",64100
"Concordia University of Portland, OR",88400
"Jefferson College",75400
"Stark State College",67200
"Colgate University",208900
"Cornell College",91800
"New England College",94400
"University Of Delaware",131400
"Dean College",91400
"Webster University",96000
"Southern Virginia University",84500
"Collin County Community College",95000
"Wayne Community College",54900
"Grand Canyon University",90000
"Francis Tuttle Technology Center School District No. 21",57900
"Empire Beauty School of Somersworth, NH",53500
"Weber State University",92000
"West Georgia Technical College",63000
"Gogebic Community College",62200
"St. Clair County Community College",78100
"California College Of The Arts",90100
"Specs Howard School Of Media Arts",72600
"Truett Mcconnell College",103100
"Waubonsee Community College",88600
"Butler County Community College of El Dorado, KS",75200
"Frederick Community College",90900
"Fort Lewis College",90600
"Northeast Wisconsin Technical College",74500
"Greenfield Community College",69100
"Terra State Community College",64200
"Salem College",84200
"University Of Central Missouri",83800
"Xavier University",122100
"Spoon River College",58200
"North Central Michigan College",60500
"University Of Saint Francis of Fort Wayne, IN",83700
"Guilford College",109900
"Cornish College Of The Arts",89700
"Roberts Wesleyan College",72600
"Sterling College",71600
"Chipola College",51800
"Johnson County Community College",91100
"North Central University",74000
"Wilmington University",94300
"Mercyhurst University",87400
"Nash Community College",57600
"McHenry County College",95900
"James A. Rhodes State College",64200
"Oakland Community College",93400
"Dallas Baptist University",87000
"Marywood University",80600
"Hawkeye Community College",67600
"Midland University",73300
"Schreiner University",82300
"Eastern Iowa Community College District",75600
"Saint Michael's College",119100
"Three Rivers Community College of Norwich, CT",76200
"Concordia University - Wisconsin",79300
"Quinebaug Valley Community College",71400
"Gettysburg College",138500
"Charles Stewart Mott Community College",78800
"Goldey-Beacom College",80300
"Siena Heights University",87000
"Community College Of Beaver County",68500
"Rowan-Cabarrus Community College",67000
"Lincoln Land Community College",72700
"Clearwater Christian College",64300
"Sweet Briar College",109900
"Valparaiso University",107000
"Saint Charles Community College",89000
"Sandhills Community College",53500
"Gonzaga University",121100
"Viterbo University",78200
"Mount Vernon Nazarene University",77200
"Bethany Lutheran College",76000
"Art Institute Of Phoenix",73600
"Las Positas College",109500
"Catholic University Of America",133000
"Immaculata University",92700
"Brewton Parker College",63400
"Le Cordon Bleu College Of Culinary Arts of Tucker, GA",66800
"Wittenberg University",104800
"Augusta Technical College",46700
"Grand Valley State University",96400
"Spartanburg Community College",57300
"Southern Wesleyan University",70600
"York Technical College",61500
"Asbury College",91700
"Globe University",72300
"Lakeland Community College",73500
"Bridgerland Applied Technology College",70000
"Western State Colorado University",94700
"Merrimack College",109700
"Wright State University",83200
"Joliet Junior College",92100
"Ohio University",90900
"Saint Ambrose University",99200
"Columbus Technical College",41500
"Miami University",118800
"Ball State University",94900
"Monroe County Community College",84800
"Saint Olaf College",124700
"University Of Mary Washington",133800
"Saint Mary's University Of Minnesota",105900
"Southwestern University",130600
"Concordia University of River Forest, IL",86300
"Wartburg College",85100
"Saint Joseph's College of Standish, ME",77000
"Des Moines Area Community College",72600
"Madison Area Technical College",74800
"Wichita Area Technical College",58400
"Ottawa University",64200
"Western Technical College of La Crosse, WI",65500
"Midamerica Nazarene University",82900
"Blackhawk Technical College",73400
"Bates College",176900
"Rock Valley College",81800
"Asheville Buncombe Technical Community College",62200
"Heartland Community College",80700
"Muskegon Community College",73400
"Kalamazoo Valley Community College",79600
"Brigham Young University-Idaho",92600
"Davidson County Community College",60000
"Truman State University",104700
"River Parishes Community College",78400
"James Madison University",134300
"Harding University",98200
"John Wood Community College",61400
"Hampshire College",119300
"Lansing Community College",80700
"University Of Puget Sound",129700
"Bowling Green State University",92800
"Marinello School Of Beauty, Xenon International Academy, International School Of Skin And Nailcare And Hair Professionals Academy",44200
"Emporia State University",80100
"Susquehanna University",113300
"Durham Technical Community College",59700
"Limestone College",73900
"Cincinnati State Technical & Community College",68800
"Western Piedmont Community College",56900
"Wake Forest University",191500
"Faulkner University",63500
"Berklee College Of Music",119300
"Stephens College",94500
"Samford University",131000
"Mid-South Community College",38000
"Anderson University of Anderson, IN",88400
"Richmond Community College",37800
"Lincoln College",81800
"University Of North Carolina At Wilmington",106500
"College Of Wooster",108100
"Eastern University",93900
"Cairn University",77100
"Piedmont College",81400
"American Musical & Dramatic Academy",88800
"Concordia University of Seward, NE",75500
"University Of North Carolina  Asheville",90600
"National College",39100
"Illinois And Ohio Center For Broadcasting",65800
"Furman University",156700
"Centre College Of Kentucky",111000
"Converse College",93000
"Gateway Technical College",73100
"William Peace University",105900
"Art Institute Of York  - Pennsylvania",74500
"DeSales University",98800
"Gwinnett Technical College",80600
"Bay De Noc Community College",64800
"Albion College",120700
"Central Virginia Community College",68600
"Southeastern Community College of West Burlington, IA",66600
"Oklahoma Baptist University",91700
"Marian University of Fond Du Lac, WI",80900
"Nazareth College Of Rochester",100500
"Schoolcraft College",97500
"Loyola University Maryland",151200
"Gustavus Adolphus College",114000
"St. Bonaventure University",103300
"Tusculum College",67600
"Carrington College of Mesa, AZ",40200
"Longwood University",105700
"Highland Community College of Freeport, IL",62700
"Daniel Webster College",93800
"Northcentral Technical College",69200
"Brigham Young University",119600
"Brevard College",93900
"Utah State University",91300
"Randolph - Macon College",121700
"University Of Dayton",128400
"Saint Joseph's College of Rensselaer, IN",94000
"Hampden Sydney College",141200
"Bradford School of Pittsburgh, PA",69400
"University Of The Arts",100600
"Ancilla Domini College",61300
"Kenyon College",168400
"Richard Bland College",83700
"University Of Richmond",180600
"National College Of Business And Technology",44400
"Guilford Technical Community College",63000
"Carroll University",95000
"Art Institutes International Minnesota",77200
"Elon University",146000
"Carteret Community College",50300
"Lincoln College Of New England",75000
"Walsh University",82700
"University Of Southern Indiana",83700
"Warren Wilson College",104100
"Aveda Institute",83400
"Stonehill College",123800
"Wisconsin Lutheran College",85400
"Bethel College",81300
"Hendrix College",107500
"Asnuntuck Community College",83300
"Franciscan University Of Steubenville",102500
"Saint Mary's College",130600
"North Central Kansas Technical College",58900
"Lipscomb University",106400
"Southeastern College",38400
"Springfield College",105300
"Harford Community College",90200
"Sinclair Community College",70300
"Grand Rapids Community College",83400
"Nebraska Wesleyan University",88200
"Trinity International University",86400
"Cascadia Community College",97300
"Northwestern Connecticut Community College",78400
"Carroll Community College",92100
"Gordon College",95900
"Greensboro College",95400
"West Virginia Wesleyan College",86300
"Central Penn College",66800
"Aquinas College",94800
"Averett University",65400
"Fox Valley Technical College",74600
"Belmont University",116700
"Gaston College",63100
"Washington And Lee University",226700
"Gallaudet University",71200
"King's College",54700
"Randolph Community College",59800
"Catawba Valley Community College",63800
"Wichita Technical Institute",45200
"Ashland University",84600
"Northland College",74600
"Davis & Elkins College",68000
"Lakeland College",75400
"William Jewell College",95100
"Marion Technical College",62400
"Cambria Rowe Business College",46800
"Huntington University",81400
"Northwest State Community College",69200
"Tiffin University",75400
"Sanford-Brown College of Fenton, MO",50600
"Highland Community College of Highland, KS",66000
"Barton College",87500
"Waukesha County Technical College",91000
"Appalachian State University",105900
"Saint Norbert College",106700
"Hope College",114100
"Forsyth Technical Community College",67300
"Santa Barbara Business College",39400
"Avila University",88200
"Urbana University",75500
"College Of William & Mary",147100
"IBMC College",53200
"Moraine Park Technical College",74900
"Evergreen State College",100200
"Baptist Bible College Of Pennsylvania",67500
"Mitchell Community College",64700
"Word Of Life Bible Institute",72500
"Whitworth University",98500
"Bethel University of Saint Paul, MN",1e+05
"Western International University",56700
"McKendree University",79900
"Heritage College",53400
"James Sprunt Community College",36700
"Rockingham Community College",62700
"Wright Career College",27200
"College Of The Ouachitas",53000
"Corban University",79000
"Eastern College Of Health Vocations",29300
"Bryan College",78800
"Lycoming College",83600
"College Of Mount Saint Joseph",88500
"College Of The Albemarle",52000
"Nicolet Area Technical College",63100
"Alamance Community College",61200
"Augustana College of Sioux Falls, SD",93200
"Manchester University",81400
"Madison Media Institute",80400
"Harcum College",81800
"Fortis College of Largo, FL",35100
"Kentucky Christian University",77900
"Hanover College",107800
"Trevecca Nazarene University",79400
"Missouri College",42200
"Davis Applied Technology College",78400
"Davidson College",208500
"Minnesota School Of Business",73800
"Hickey College",63700
"Johnson University",82000
"Cincinnati Christian University",74400
"Platt College of Tulsa, OK",38900
"Salter College",38000
"River Valley Community College",62700
"Sampson Community College",46600
"Colorado Christian University",98600
"Dabney S Lancaster Community College",63200
"Newman University",91400
"Dordt College",80500
"Young Harris College",98300
"Oakland City University",60300
"Cornerstone University",84200
"Musicians Institute",77400
"Lagrange College",100800
"International Business College of Fort Wayne, IN",64500
"Mayland Community College",47400
"Lees-Mcrae College",83200
"Olympian Academy Of Cosmetology",44200
"Northeastern Technical College",42200
"Lincoln Christian University",73800
"William Woods University",88600
"Institute Of Production And Recording",81700
"Lively Technical Center",53700
"Bradford School of Columbus, OH",54100
"Earlham College",99100
"Empire Beauty School of Moosic, PA",55300
"Nationwide Beauty Academy",65000
"Missouri Baptist University",85100
"Lourdes University",81600
"Pinellas Technical Education Center - Clearwater Campus",45500
"McDowell Technical Community College",52200
"Erskine College",94700
"Bluffton University",77100
"Columbia International University",71700
"Fortis College of Richmond, VA",50000
"Santa Fe University Of Art And Design",90200
"Argosy University",84000
"Lake Erie College",76700
"Aveda Institute Covington",63000
"Baltimore School Of Massage",70600
"Nevada State College",88500
"Douglas J Aveda Institute",93600
"King University",76000
"Stautzenberger College",52800
"Paul Mitchell The School of Costa Mesa, CA",85200
"Dorsey School Of Business",43400
"New Mexico Military Institute",75600
"Kansas City Art Institute",98500
"Empire Beauty School of Philadelphia, PA",76000
"Regency Beauty Institute",72000
"Cleveland Institute Of Dental - Medical Assistants",42600
"McNally Smith College Of Music",95300
"Landmark College",179000
"Minneapolis Business College",77500
"Kansas Wesleyan University",66000
"Sunstate Academy",49200
"Milan Institute of Palm Desert, CA",35800
"Empire Beauty School of Portland, ME",52200
"Prism Career Institute",37000
"Capri Institute Of Hair Design",73100
"Latter Day Saints Business College",83900
"Midred Elley College And Austin's School Of Spa Technology",37700
"Bel - Rea Institute Of Animal Technology",81700
"Florida College Of Natural Health",57300
